SV1,SV2,feature,data
3.2218336567719,-0.29275329751909,ST8SIA1,agilent
-0.0446274652801692,-0.0714267831351572,YWHAQ,agilent
0.0794695260117115,0.709664070665865,EPHA4,agilent
0.0292277037026929,-0.14371921071236,GTPBP5,agilent
-0.182436849539021,0.331433351999528,PVR,agilent
0.127462556436494,-0.0602013252301947,ATP6V1H,agilent
0.00327719507910667,-0.287944119451757,ESRRAP2,agilent
-0.0207781011651019,-0.331045392209158,OR5AK3P,agilent
0.0762956377388505,-0.220917450013954,MTIF2P1,agilent
0.253769216403318,-0.25796542307779,HSPBAP1,agilent
-0.131444191372743,-0.251885873378402,LOC441843,agilent
0.144707604510559,-0.348923402656426,LOC728855,agilent
0.268685361893894,0.168404009036071,LOC642890,agilent
-0.112150452215078,1.58567454915076,RGS4,agilent
-0.0135595521200135,-0.069953095921495,WHAMM,agilent
0.00683446815836342,0.0935655005967057,LAPTM4A,agilent
0.0504651262084376,-0.221729232898327,LOC730190,agilent
-0.0374718287947036,-0.153480381288388,NACA3P,agilent
0.0379401335921342,0.0434532864585628,SH3GL1,agilent
-1.14322248798324,-0.44330503830938,CYP4F12,agilent
0.432841855831101,0.46029827559275,RAB32,agilent
-0.0607636553874036,-0.163351310937812,RPL36AP45,agilent
-0.315242166432305,-0.286997605333823,ZFP36,agilent
-0.0691872735828443,-1.30508233224424,IGHV1,agilent
0.0406093197234577,-0.251814130724854,HIST1H2BO,agilent
0.0910478385098469,-0.144813618613502,ECHDC1,agilent
-0.105782025358758,1.70735659013499,FGF1,agilent
0.532990610869031,-0.329699133355499,FAM69B,agilent
0.305519965068558,-0.155187821620212,GNPTAB,agilent
-0.51311338804123,1.84024897875578,TBX15,agilent
0.428532722502869,0.420623585383056,BACE2,agilent
-1.34862385884798,-0.38647464264261,NSUN7,agilent
-0.0635416057930029,-0.283588603139644,CEP76,agilent
0.247938817144903,0.0238716427569977,GDPD5,agilent
-0.0581091017508659,-0.232480895046316,CLNS1A,agilent
-0.109085598521685,0.104173835586239,ALDH3A2,agilent
-0.337764580957865,-0.434662395573549,NAAA,agilent
-0.0481560946660195,-0.213673005262534,C6orf201,agilent
-0.0508357866006882,-0.199085120722771,TIA1,agilent
0.0326155298315774,-0.0546693746728631,TBKBP1,agilent
0.129477091511563,-0.148642020409349,WDR3,agilent
0.104106915349631,-0.155342173045943,YRDC,agilent
0.194119536360866,-0.0715393232996065,GP9,agilent
-0.100139950099752,-0.350606160083023,L2HGDH,agilent
-0.542611567460201,0.135340624188948,ECHDC2,agilent
-0.536590114357842,0.773815183896102,SLC22A4,agilent
-0.0985631883314197,0.0966700133092148,LACRT,agilent
-0.281043847839941,0.535011938942405,PPIC,agilent
0.0139577592978608,-0.177405329378168,GNL3,agilent
0.0199039880138186,-0.174121536822763,C3orf37,agilent
-0.952417158447842,-0.196873877918764,SYT17,agilent
0.805373469198021,0.917064943080071,PRKD1,agilent
2.08122991596777,-0.193636637613165,S100A1,agilent
-0.0528211619142759,-0.0421326090913966,PSPN,agilent
-0.0173401433953582,-0.267286928896503,HIST1H2AJ,agilent
-0.121534346855771,-0.104206256987246,NPEPPS,agilent
0.0200524866731869,0.375319822328328,PDLIM2,agilent
-1.04941201776358,0.575392401906064,CA12,agilent
0.245551236662864,-0.211350303679097,HK2,agilent
0.740327540435382,1.07765648203108,RARB,agilent
-0.0653180160904232,-0.726606612866144,FAM98B,agilent
0.206767111578202,-0.02734971089598,PYGB,agilent
0.0524984434563967,-0.203319418204517,GIGYF2,agilent
1.29396296785691,0.638613452425685,VEPH1,agilent
-1.31728273957776,0.590457562218802,STEAP2,agilent
0.946061695592905,-0.518689934800281,SERPINF1,agilent
-0.797985353061864,-0.464000157886321,FUT1,agilent
0.0879750002660625,-0.106072669636136,PPP1R2P3,agilent
-0.26213474136208,-0.338659958572256,LOC100132214,agilent
0.111381886611993,-0.142297446931662,C3orf1,agilent
-0.0404516346854032,-0.217231555774605,EZH2,agilent
0.0202968592668015,0.0169359959155606,CUL4B,agilent
0.786667208538205,0.179513487453962,KAT2B,agilent
0.0373619741500343,-0.0534695938855455,MKRNP5,agilent
-0.107162020819191,-0.225319635797969,EDC4,agilent
-0.490618818161668,0.742878898170781,CDH6,agilent
-0.0894749787467339,0.16142116368015,SLC23A4,agilent
-0.725468291669741,0.0439000509218296,POU5F1P4,agilent
0.00496560630134647,-0.176349518374958,SYF2,agilent
0.140781346999557,-0.104055303165614,SPACA3,agilent
-0.0222965035268689,-0.118039763211187,FLJ36848,agilent
0.00785511870206862,0.17653959611566,FAM57A,agilent
0.00938302820896471,-0.0287513510020622,RPS24P19,agilent
0.146601864483162,-0.113228395473115,ETV3,agilent
0.0853261159730125,0.0295801154561232,MORN2,agilent
-0.000188705479696598,1.28730772437006,LEPREL1,agilent
0.19477949845707,-0.241784990278664,SPRED2,agilent
-0.105252884971939,-0.235570221255626,SNHG1,agilent
-0.118108619745484,0.0590690930014934,TMCO3,agilent
-0.137320681021745,-0.182460375912954,LTA4H,agilent
-0.108676705352555,-0.269786252526932,OR3A2,agilent
0.503273521899277,0.568466233145083,ETS1,agilent
0.215917658793426,-0.0962012877123986,ZNF420,agilent
-0.311108192851973,-0.36820501441494,TM7SF2,agilent
0.165867465583902,0.187071776816348,PCBP4,agilent
0.411711240440485,1.51125337677531,GPC6,agilent
7.39466689569897e-05,-0.0573221830414519,MYH14,agilent
0.0889138669030892,0.361647962995385,LOC285550,agilent
-0.440735810402356,-1.67014691856761,IQGAP2,agilent
-0.0480282411796894,-0.169224519336204,RPL9,agilent
-0.126480565247297,-0.262931719020978,LOC442157,agilent
-0.110965706876309,-0.300039453423618,NOP14,agilent
0.318920955867632,0.513349811697269,HDGFRP3,agilent
0.149184237276299,-0.215056531513679,HERC1,agilent
0.0833945931444712,0.122123039465248,VAMP3,agilent
0.0822903857974211,0.514306242423186,MLF1,agilent
0.156162513135709,-0.23534311182419,GJA9,agilent
-1.81671588187373,-0.821317725138024,SCNN1A,agilent
-1.17418229957209,0.0164960048405532,ANXA3,agilent
-0.398246677848564,-0.0151366178391664,CCDC109A,agilent
0.105359593307982,-0.188599857215485,PIGY,agilent
-0.0914528903519898,-0.296559416968255,C1orf131,agilent
0.0163673768334585,-0.0876010122249511,SLC17A7,agilent
-0.015722259560866,-0.152638384578385,CD6,agilent
-0.397480985737329,0.476743040162916,SIX4,agilent
-0.152120743049065,0.348223230924878,HTRA4,agilent
-0.35668847835415,0.527273885226105,C3orf59,agilent
-0.0792909426371484,-0.254694194338086,BAZ2A,agilent
0.575565611734257,0.203932248651073,IPW,agilent
0.0195493945733502,-0.156468476083786,PMS2L2,agilent
0.0508981703054973,-0.0607889166449419,UBE2QP1,agilent
-0.0624042628406731,-0.245036130965006,GTF3C5,agilent
-0.611156543766655,-2.1008043037783,FGD3,agilent
1.00213315371516,-0.26523734401825,CA14,agilent
-0.00570414923668318,-0.189293576796279,TRA,agilent
-0.127641084807709,-0.257580695646377,CYLC2,agilent
-0.11452218320121,-0.155171807509341,NUP107,agilent
0.248051812896006,-0.0753579880136839,LOC730232,agilent
-0.495982350552447,-0.60977264251349,C4orf32,agilent
-0.492591763779892,-0.24166424093241,TINAG,agilent
-0.114531077103461,-0.0564044649240591,WIPF2,agilent
-0.703818499825319,0.810671511026583,ZNF469,agilent
-0.543032428793634,0.285623997404376,UBE2E2,agilent
-0.0117343791766782,-0.208635449255648,HIST1H2AM,agilent
-0.424395422384898,-0.277486068572321,CPNE7,agilent
1.79192538529668,0.503523868022922,CD200,agilent
0.823425430498074,-0.272391810504932,VGF,agilent
-0.685389178017258,0.435643049945117,PTGES,agilent
0.131780310922347,-0.170960185551526,HELZ,agilent
-0.0372974414206698,-0.0753534798922457,AMBN,agilent
0.0154912413474028,-0.044756729347729,LOC392100,agilent
0.00593036534988813,0.00288611980923786,LOC150554,agilent
-0.506690835879651,-0.789119025481227,AKR1C4,agilent
-0.12980694064583,0.553700774770908,H2BFM,agilent
0.0197118815514791,-0.144179185436336,HEATR1,agilent
-0.13486429322231,-0.131707036932444,COBRA1,agilent
-0.46329196853578,0.457520850992677,TBC1D2,agilent
-0.0884300095762432,-0.284845741752533,TOR2A,agilent
0.0374178821465459,-0.281614335250636,ZNF184,agilent
0.0386066334930541,-0.371772722097915,C2orf43,agilent
0.0303504911099681,0.00566785688008116,DERL2,agilent
-0.709303038491488,0.690916201216766,F3,agilent
-0.0609479140501788,0.0538519817926311,ANGPT4,agilent
-0.162491329477941,0.594524228000558,BACE1,agilent
-0.00860199273410506,-0.168192903153878,HIST1H4B,agilent
-0.00158132339348275,-0.152480707677259,RPS11P6,agilent
0.0145492881041974,-0.0181056817061794,PTCH2,agilent
-0.176982382308765,0.0131905830048906,ARHGEF10L,agilent
-0.0736353220875125,0.0656373612203575,CRISPLD2,agilent
0.0450574952866301,-0.159910363838172,LOC391524,agilent
0.0246036014609554,0.696076447646497,SPEG,agilent
-0.078401276746601,-0.400433310129176,PDCD1,agilent
-0.051809844036781,-0.196869061959662,GHITM,agilent
-0.0556022777857594,0.00556306704988078,LOC100287638,agilent
-1.15888649568982,-0.194895889030354,FERMT1,agilent
0.251043619282684,-0.117203413733967,UPP2,agilent
-0.195533595377021,-0.713285199617008,KIR3DL2,agilent
0.23083123616999,-0.277426106133046,LOC729732,agilent
-0.074382875142218,-0.15904105448089,CCAR1,agilent
-1.33074232199244,-0.272283107314013,CYP2S1,agilent
0.631654849168386,-0.644151791392797,SAMD13,agilent
0.0371141746138318,-0.0155231832862369,LOC728532,agilent
0.0553544502537884,-0.032462471914994,GNB1,agilent
-0.0652402790617668,0.00563942067612514,FAM177A1,agilent
-0.0593287112453561,0.528377888874183,GPR176,agilent
0.272518654684115,-0.0360894293709889,USP27X,agilent
0.0244138731112198,-0.120619976284563,POU5F1P6,agilent
-0.00146622469611747,-0.343119630911505,C19orf39,agilent
0.142721238010109,0.668767141431107,ARAP3,agilent
-0.26374817680222,-1.39768477261806,TMC6,agilent
-0.0417823940527635,0.0826329580464022,ADAM7,agilent
0.0481283037586872,0.042629481129656,ANKRD9,agilent
0.0250154899982283,0.563074518747754,MIPOL1,agilent
-0.870823040177808,-0.121752821734764,KRT8P23,agilent
0.0604462252353667,-0.098523959422784,PBLD,agilent
0.0501497224033128,-0.0127610081449529,LOC442308,agilent
1.10650023851281,0.084347245855172,MEF2C,agilent
0.100170677522598,0.129334765923662,LOC730174,agilent
-0.323462841904483,-0.14327114628624,RPS8P7,agilent
1.22852177305658,0.629112052762729,PCDHB16,agilent
-0.189814664160526,0.0243017729033936,CRISP1,agilent
-0.150092325964077,-0.0209332910474824,PLA2G2F,agilent
-0.00934373599085664,-0.214559253245811,LOC646791,agilent
-0.0428464860848848,-0.101751035284982,P2RY4,agilent
-0.139184002297734,-0.0896591279631808,CTXN1,agilent
-0.393277390807326,-0.0106275452553467,GKAP1,agilent
-0.544873039093355,0.820310323127513,TSPAN2,agilent
-0.137102131653522,0.126642055105123,LILRA5,agilent
0.978608143193931,0.0271993728102856,LOC645323,agilent
-0.309857446060248,0.197359131821445,FHL5,agilent
-0.0115276812806527,-0.0730458647853673,HNF1A,agilent
0.0374095945671069,0.493793698776172,C1QTNF1,agilent
0.0320892973970324,-0.191497256107311,FIP1L1,agilent
-0.0332314425526988,0.536976580189976,PTPN21,agilent
0.0970558895379394,-0.183878154630184,MRPL35,agilent
-1.72812349742952,-1.11700238596768,FAM83B,agilent
0.692696387485377,0.0290459217664159,DGKG,agilent
0.354823411303473,1.18868259338121,LHFP,agilent
0.0115090790228011,-0.150075010220417,RPL11,agilent
1.03362289017689,0.69353956553918,LOC729960,agilent
0.12416915726235,-0.0798777768098315,ATP6V1C1,agilent
0.269688558482575,-0.157196772433881,ATP1A3,agilent
-0.0765853339743582,0.390750035810885,BHMT,agilent
2.84540147114743,0.817095393605077,C10orf90,agilent
-0.209456244493489,-0.0438857856350498,LOC100288975,agilent
0.0140517478648838,-0.0275875914860668,C5AR1,agilent
-0.126657080353255,0.155554709047628,RNASE11,agilent
-0.105917345194522,-0.219947268102383,LOC100189589,agilent
-0.397004293346827,0.484069478066953,SLC2A2,agilent
-0.0954202007949947,0.129650200460487,STX1A,agilent
-0.294528078217408,1.48937783353357,SPANXD,agilent
1.86735805073582,0.130312541460836,TRPM8,agilent
0.0761505536158321,-0.0369947994388628,COPS7A,agilent
-0.141289352831924,-0.197519049189658,PHF10,agilent
-0.0153544054367708,0.276387775267116,SC65,agilent
0.441828487478394,-0.0890544626950268,FABP3,agilent
0.0988029412180584,0.346043427521464,DTX3,agilent
0.0226109745912759,0.0617321359946669,CHRNA2,agilent
-0.0697672060141069,0.0617134006660487,OR8U1,agilent
-0.540606323160322,0.558557759165086,SGMS2,agilent
0.0750556997554604,0.188204359116093,RBMS1,agilent
-0.0822034766164274,-0.206009934000456,GYS2,agilent
-0.0306200522380279,-0.193884533150924,RNPS1,agilent
-0.0944640880288618,0.120314133782685,SERPINE3,agilent
0.750682688031743,0.595618077637556,ELOVL2,agilent
0.126468141485253,-0.219658853125586,LOC441862,agilent
0.0859335165102285,-0.101148760186031,MAGEF1,agilent
-0.0551964718243426,0.0937859709403131,LRRC19,agilent
0.0630454473448024,0.0069608973698339,AMPD2,agilent
0.0327904758767058,0.0168590461258027,BCL2L2,agilent
-0.10689539467907,0.569143286878144,WWC2,agilent
-0.210025859325293,0.941345886824181,BEND6,agilent
-1.1163582696878,-0.118888298473815,OCLN,agilent
-0.0602457845266297,-0.0380214443345906,GLIS2,agilent
-0.0523696424498381,0.131852136084057,LOC100287728,agilent
-0.251093528435467,-0.383880776223828,PANK1,agilent
0.212179980979967,-0.140817324705221,CTNS,agilent
-0.109084583411945,0.481221946291769,CXCL12,agilent
-0.150109648830032,0.527286087414092,THAP10,agilent
0.0352925571254289,-0.00556949398909288,LOC442210,agilent
-0.28775966772851,-0.337863534233996,ABP1,agilent
-0.131569115778349,-0.0751879726282736,STX5,agilent
-0.204305209240088,0.27348068632352,SMAD3,agilent
-0.167171819216313,0.35088070148865,TSPAN19,agilent
-0.33005895246321,0.301103970579452,SYDE2,agilent
-0.00978850317527584,0.0256135304870069,FBXW12,agilent
0.141140130587633,0.249145761303365,C9orf30,agilent
-0.845890367300258,0.725929005586287,NPY1R,agilent
-0.103142291010377,-0.238974110333381,CDT1,agilent
0.284843344879185,0.77940547951162,FKBP10,agilent
0.694403432286034,0.885116370393197,SYNM,agilent
-0.240859564695385,-0.0727069373031747,OTOP1,agilent
-0.0405432717089798,0.36222505831543,TSPAN16,agilent
0.205733499797108,-0.0989589994671465,SLC35A5,agilent
-0.364755119730923,0.107367979928258,ERBB2,agilent
0.185264439799872,0.00197312741087986,CYCSP19,agilent
-1.02670903126079,-0.438287280632579,C9orf68,agilent
0.0838925247959249,-0.136500809833705,BBS4,agilent
4.36764706709013,-0.166839031983708,S100B,agilent
-0.0336687168258723,-0.0842486180073354,FRMD1,agilent
-0.0719064919963303,-0.0515871930557386,FTHL2,agilent
0.0395711239841368,-0.135847612855261,C17orf101,agilent
-0.0374255740703208,-0.233439633182383,KARS,agilent
0.0926077899312168,-0.215173805638187,AFG3L2,agilent
0.0668145345822557,-0.0920538338035163,CCR3,agilent
-0.22998374388917,0.787687131023607,CCDC46,agilent
0.479955073275046,-0.17984316520134,DUSP4,agilent
-0.082696800295149,0.284368880615851,LOC344978,agilent
-0.0733148113076414,0.0552985096139418,KSR2,agilent
-0.016340751316967,-0.184736367579503,LOC730235,agilent
-0.00440062368497192,0.00861288443676817,TRAPPC9,agilent
0.0080577304469016,-0.148483017042945,RPL31P35,agilent
-0.014793900842882,-0.0374725998433171,SBK1,agilent
0.536103346896423,-0.221586995250598,GNG2,agilent
-0.00687580889338027,0.0829628559017877,DUSP3,agilent
-0.0177384329878045,-0.154790426628963,RPS8P10,agilent
-0.0966001986213949,-0.225372838281984,CCDC101,agilent
-0.195535689110337,-0.0407160785115081,FAM71C,agilent
-0.0126775475558552,-0.0917130064688976,ATP10B,agilent
-0.000329395269600564,-0.217326009417457,UBR2,agilent
-0.0278391264432062,-0.17536191823508,SS18L2,agilent
-0.37948709814065,-0.266320837896811,CCL15,agilent
-0.186399782910231,-0.00695326742214944,GPR101,agilent
0.0531404414112123,-1.22803046522877,GMFG,agilent
0.133651924591701,-0.0731174848661541,TSPAN14,agilent
0.04317113587681,-0.229376480852466,HIST1H2AB,agilent
0.02974581669588,-0.0871698622257571,XPO6,agilent
-0.149443337735775,0.0563532176449195,KIAA1688,agilent
0.208622436886738,0.249749620357372,TCEAL2,agilent
0.00761268998523009,-0.194669565221479,GLCCI1,agilent
-0.559585658170877,0.202840835193731,SDC1,hgu133
0.0468006272249026,-1.59328585054151,CD3D,hgu133
1.85130592803017,-0.202763443444723,GPR137B,hgu133
-0.269688529603146,-0.428587136897146,GSDMB,hgu133
-0.315251548793909,-0.42548626278042,ANO9,hgu133
-1.01508465125605,-0.501977501526616,AREG,hgu133
1.55936358732777,-0.198520325596079,CPN1,hgu133
-0.10146349515808,-0.270660068907383,CTCF,hgu133
-0.101370888338937,-0.395623297447839,PSMB10,hgu133
-0.0580842684923744,-0.346610352823273,EZH2,hgu133
-0.603839055095489,0.463590129307576,NXN,hgu133
-0.00838984333814233,-0.274724955333554,ARIH1,hgu133
0.425544733817145,-0.0816696384818328,ZFP106,hgu133
-0.0416633375409512,0.219413432657856,ANO10,hgu133
-0.0241881698057621,0.252441695328911,TNFRSF10B,hgu133
-0.300262400266959,-0.308295759576481,WIBG,hgu133
-0.194662587207533,0.160234638860507,CTBP2,hgu133
0.854478474069046,-0.208363802916579,ANKRD44,hgu133
0.030405373965802,-0.170521564679482,BOLA3,hgu133
0.303079237341408,0.0524619722629183,GPD2,hgu133
-0.411768848891847,-0.29087054698378,ZNRF3,hgu133
0.489491464897611,-1.28816956866301,ITM2A,hgu133
-0.193063968170053,-0.558822893953444,ENDOG,hgu133
0.0170439746002548,-0.290729337617948,RCC2,hgu133
-0.0447418756223654,0.338996265556302,FLNA,hgu133
-0.0346611371830319,-0.255089851529345,DNAJA3,hgu133
-0.165167625135042,1.12114507471566,THBS1,hgu133
-0.153966680870325,-0.136216397287802,CNOT1,hgu133
-0.31142673632287,-0.141749392554978,ADK,hgu133
-0.333757751333555,0.0904631786214578,CNN2,hgu133
-0.056872942166331,0.228640798223829,HSPB1,hgu133
0.901052808386976,0.79927071877584,PMP22,hgu133
0.409161652711085,-0.033282221990987,BTBD3,hgu133
-0.380939617106205,-1.13245452839612,LGALS9,hgu133
-0.278336125469229,0.372363058562824,MYH9,hgu133
0.250041892081323,0.17729116790959,GPR177,hgu133
0.713747133327406,0.0139638848445788,PIR,hgu133
-0.107444804832113,0.0103523104477469,FNBP1,hgu133
-0.00437252899494978,-0.503263278434827,SNX20,hgu133
0.439605893950328,0.534435782450847,RAB32,hgu133
-0.0447820749535482,-0.353773752112071,PTK2B,hgu133
0.25574358023718,-0.230367906108168,LOC254128,hgu133
-0.394971716326737,-0.536465807366629,MUC13,hgu133
0.0292219265039784,-0.249457918325334,ZNF330,hgu133
-0.193499210947161,0.0620014487493722,C7orf50,hgu133
0.0488356872907191,0.130093323798424,NDEL1,hgu133
0.025704858340475,-0.334411961003183,C19orf25,hgu133
0.0763952103327344,0.00867488269606514,UBLCP1,hgu133
-0.161809934164621,-0.217686179451656,CTAGE5,hgu133
-0.924060871374317,1.33226796934288,UCHL1,hgu133
-0.0565111674779116,-0.0970739936723321,FGGY,hgu133
-0.734067743898707,0.805090685296105,FAM171A1,hgu133
-0.698958586605617,-0.663952475963209,CYBA,hgu133
-0.0930132278633587,-0.211023064243573,LOC120364,hgu133
-0.151371001415841,0.272102839310926,ITGB1,hgu133
-0.221066550125799,-0.226017573276287,DEDD2,hgu133
0.465144088428753,0.240143204732255,FKBP7,hgu133
-0.10027204716692,-0.233187558019974,GRK6,hgu133
-0.362889375239864,0.302094079591569,NR2F1,hgu133
0.455775824126077,-0.0788005649776051,ZFYVE16,hgu133
2.60395610649983,-0.0221109030880282,S100B,hgu133
-0.151748462096087,0.976399936845928,COL8A1,hgu133
-0.0603330855200459,0.261028399889934,CTTNBP2NL,hgu133
-0.260774993373883,0.814588972207084,CHST3,hgu133
-0.228827403622182,-0.257309404786792,PTGER4,hgu133
0.103833302393764,1.03926681649068,DFNA5,hgu133
-0.069028762176623,-0.142719436806203,SRRM1,hgu133
-0.355173860907069,-0.150382512931899,hCG_2030429,hgu133
-0.44071980546485,0.217634557983359,SIPA1L3,hgu133
-0.200205632569027,-0.358479738911608,TMEM80,hgu133
0.31942048951504,0.929751541144088,COPZ2,hgu133
0.00832233833071863,-0.12467552557539,DHRS7,hgu133
-0.0170878560936246,-0.636707030942325,LCT,hgu133
-0.10884553086852,0.228847139275451,B3GNT9,hgu133
1.28145284323835,-0.152460796344044,FAM167B,hgu133
-0.101925694724532,-0.518091580259137,BAG1,hgu133
0.00992333850104028,0.145979429409124,GDI1,hgu133
-0.341708634377626,0.58552994704813,SDC4,hgu133
-0.822674786258878,-0.284900552802292,CA2,hgu133
0.0666474352460668,-0.212250810116941,CHERP,hgu133
-0.292717980469831,0.744678554696681,PALLD,hgu133
-0.136359082028441,0.547738084791254,FILIP1L,hgu133
0.199408173536126,-0.183143439483515,TIMM50,hgu133
-0.591898639191926,-0.755752233432074,ST14,hgu133
-0.0905687927131832,0.225784950471615,ANLN,hgu133
-0.0550399377621283,0.394301804695368,NDST1,hgu133
-0.0951755117095655,0.358102438203262,MYO1C,hgu133
-0.187964603519035,-0.133915911629088,RBM17,hgu133
0.276834472252172,-0.0793684317317779,TCEB3,hgu133
0.303848392977824,-0.146678479764794,EDEM1,hgu133
2.08717901378775,-0.282222671671668,S100A1,hgu133
-0.853290590294968,0.225448670695556,PODXL,hgu133
0.501965088163479,0.645827370425311,RAGE,hgu133
0.221828315571338,-0.0257606513163676,SLC37A3,hgu133
-0.17801776199887,-0.769765612769061,DOCK2,hgu133
-0.201677639586757,0.601134467391146,EXT1,hgu133
0.115070433477123,-0.283820361952807,ABHD14B,hgu133
-0.145145775119708,-0.140713751217773,CNOT6,hgu133
-0.69997996049038,-0.990260803141383,BIK,hgu133
-0.0583811124456009,-0.304215985940283,BCL11A,hgu133
-0.299613651705661,0.44105438765324,FOSL2,hgu133
-0.242133934546352,-0.199264984243011,CAMKK2,hgu133
-0.0064272355540543,0.205220690794429,LMNA,hgu133
0.0277759650425641,-0.158797855186499,ANAPC5,hgu133
-0.0624295012240842,-0.0383174587424743,H1FNT,hgu133
-0.984804386002528,-0.950131102600863,SERPINB5,hgu133
0.173938110273865,-1.04636097572845,ELMO1,hgu133
0.468965555866653,0.109710010324804,MAGEH1,hgu133
-0.0395485040780863,-0.167735864400047,HNRNPM,hgu133
-0.511026056379669,0.0647131480463105,SOX17,hgu133
0.109010053133204,-0.515469385139993,ACN9,hgu133
-0.544483474986573,0.403098277910153,SIK1,hgu133
-0.0191353403392362,0.412209353636928,TEAD1,hgu133
0.201053700253199,-0.308602973807262,ZNF266,hgu133
-0.437116464893774,-0.447402597794579,ARHGEF16,hgu133
-0.303725675677569,0.0463017254246821,INPP1,hgu133
0.587360976156042,-0.152734671903292,C18orf19,hgu133
0.108272762761176,0.118052945938923,COPS7A,hgu133
-0.303855959408202,-0.391118967897854,ARHGAP27,hgu133
0.751964782749301,-0.126533547732139,PMP2,hgu133
0.981634456305833,0.666848418839206,SGK1,hgu133
0.13010492061367,0.143518701541161,SLC35D1,hgu133
-0.600115875413584,-0.122581122748109,ARHGEF5,hgu133
-0.165208419989151,-0.333407363080829,DCP1A,hgu133
-0.136103634246852,0.776823700914103,EML1,hgu133
-0.0562216956793684,-0.988949694616378,LMO2,hgu133
-0.0220111444082456,-0.194239063545418,AHCY,hgu133
0.0611733817759993,0.258891031877316,DAG1,hgu133
0.519492557198055,-0.179543105518052,FNTB,hgu133
-0.0270608683022738,-0.36635552142437,TMEM186,hgu133
0.0764282893605429,-0.169751249954397,NT5DC1,hgu133
-0.177886766826952,0.170735385840824,ACTN4,hgu133
-0.147835403979209,0.0566534023408328,ANKRD29,hgu133
-0.207592022099602,-0.841984899377363,ARHGDIB,hgu133
-1.23158351470754,-0.805609836412658,GSTO2,hgu133
0.213380509216928,-0.20761533798013,THAP5,hgu133
-0.0134651690010372,0.0949523323647457,ARF4,hgu133
-0.125945852433194,-0.336710177813286,UNC13D,hgu133
0.0194840025920637,-1.09218181539131,P2RY8,hgu133
-0.0524892593178048,0.0906347225167986,FAM83D,hgu133
0.498252990515011,-0.0647585394346843,SYNJ1,hgu133
-0.100166730374969,-0.607240518344092,HIST1H2BF,hgu133
-0.513988289509198,0.089872647230718,HOXA10,hgu133
-0.0951827789641736,0.0493724185717153,TTMA,hgu133
-0.107861110790194,-0.196491897128882,DAZAP1,hgu133
-0.148137164834812,-0.396646897574531,PIBF1,hgu133
0.285923216816028,-0.10688206808492,C22orf25,hgu133
0.406423858995292,-0.281006997821247,RNF128,hgu133
-0.897261857989406,0.617834032257814,KRT80,hgu133
0.0810059673142598,0.157436193127532,UHMK1,hgu133
-0.0737247436365278,-0.107217157540069,KHDRBS1,hgu133
-0.000981245693028881,-0.147064803292119,IGBP1,hgu133
-0.439159876298985,1.28791414219614,NNMT,hgu133
0.235118973348115,0.712325295061019,FZD7,hgu133
-0.340745552494316,0.421255711534646,GLIS2,hgu133
-0.0410488847489518,0.269765974780694,APP,hgu133
-0.473793125462102,-0.537618153742905,USH1C,hgu133
-0.204278178846834,-0.292178173059476,SP5,hgu133
1.24158367299615,0.154147029862253,ARNT2,hgu133
-0.266527065897986,0.23556733175925,TMTC3,hgu133
-0.0400234854101683,-0.206871082301733,KIR2DL2,hgu133
0.0213915280776236,0.142199746789936,NQO1,hgu133
-0.351797244201785,-0.190768235626825,ADCY7,hgu133
0.0842430388313085,-0.371616580822852,DUS3L,hgu133
-0.115129457609365,-0.109644002574465,ZBTB25,hgu133
-0.0799116071692727,-0.0337105909238744,SNX16,hgu133
0.0116028839933138,-0.181310505035358,SYF2,hgu133
0.248141205248883,0.353323642976687,EPS8,hgu133
0.138573724316419,-0.094776064117333,LYRM2,hgu133
-0.112367782159877,-0.0137424832465796,NIPA1,hgu133
1.45423410704156,-0.676354494799081,SERPINF1,hgu133
-0.482713756125794,-0.444884653047083,TNS4,hgu133
-0.216414955975546,-0.291150738449532,C11orf2,hgu133
-0.120686790980691,-0.235583734906193,FBXO5,hgu133
0.0218868172627232,-0.314576348815085,LIMD2,hgu133
-0.511668794395246,-0.397007131322511,RAB20,hgu133
0.181545464904825,-0.163295224299047,ADFP,hgu133
-0.468407674430983,-0.259724700829064,ELP4,hgu133
-0.0744817140736743,-0.100929273454271,VPS33A,hgu133
-0.0971093513504474,-0.336975851767413,MED28,hgu133
0.0251214200772604,-0.276823421344491,PDCD11,hgu133
-0.842736157905743,0.323304332492111,EFNB2,hgu133
0.0134725395584304,0.213520158003755,PROCR,hgu133
0.0454949939879576,0.462747402680167,NDP,hgu133
0.261349618304877,-0.0603121770811524,RETSAT,hgu133
0.904999331918495,-0.310615522235001,PRKCD,hgu133
0.321948987467683,0.0259238810022423,ATOX1,hgu133
0.134863077810757,-0.141251085708943,MUT,hgu133
-0.369364254125351,-0.0575576671046554,RHPN2,hgu133
-0.287089891571631,-0.345026163490646,NET1,hgu133
0.167835678371308,0.164610964892437,PHLDA2,hgu133
-0.0749625466704845,-0.292797605371099,C4orf16,hgu133
0.024316561042684,0.448947565168821,C1orf51,hgu133
-0.00671971528946925,1.18647282943558,LEPREL1,hgu133
-0.0667426817452992,-0.386617105272072,HIST1H3B,hgu133
-0.026958251206229,-0.203164556888554,PCNA,hgu133
-0.21622481739139,-0.0582326143328169,ANXA7,hgu133
-0.0621248993862774,1.03214015145629,PLOD2,hgu133
0.770878401167753,-0.0292735006659157,GSN,hgu133
-0.201728302558888,0.982876675858084,FAM20C,hgu133
-0.0934238048253391,0.0739861780217932,PFKP,hgu133
-0.135575527867586,-0.0757761092294518,MBIP,hgu133
-0.0428144092892232,0.268770382241696,PHLDB1,hgu133
-0.0517962529042091,-0.209657343880158,FBXW4P1,hgu133
1.42713637902326,-0.103372629509914,MAGEA5,hgu133
0.213505110989426,-0.0864103231902674,SLC35B2,hgu133
-0.342140684856146,-0.258594718388352,TRIM69,hgu133
-0.135901794581898,0.63336247644549,CAPN2,hgu133
0.00466357651341304,0.112507296395109,ZNF260,hgu133
-0.18967696809604,-0.188005223707909,ATPIF1,hgu133
-0.0444256256500038,-0.114840719137537,SFRS4,hgu133
-0.0675887832807939,-0.211901211382067,PIAS1,hgu133
-0.196463309820466,0.146692175639218,SPOPL,hgu133
-0.127947279719658,0.0445140010122744,CD9,hgu133
-0.172752731976675,0.46607825923447,FIGN,hgu133
-0.114083027103105,-0.323323310529007,NSMCE4A,hgu133
-0.616364263175559,0.721098810283871,HAVCR1,hgu133
-0.19803715214068,-0.359730213826452,C5orf39,hgu133
-0.0518906338213034,0.181516751372833,CTNNA1,hgu133
-0.0386912919799486,-0.176142735230029,LOC572558,hgu133
0.36278647645926,0.198321196041891,TP53INP2,hgu133
-0.107330687565797,-0.509941446355791,GMDS,hgu133
0.657204154418164,0.3934673912254,CD109,hgu133
-0.113131588286026,0.169733500535753,SAMD8,hgu133
0.719251469761326,-0.0598527535421557,HPS5,hgu133
0.298316891363701,-0.189750482963726,SHQ1,hgu133
-0.0926691267434386,-0.0546272930777017,MAPKAP1,hgu133
0.175252672476852,-0.237250014565858,TERF2IP,hgu133
0.518043747343885,-0.510440120196476,PARP8,hgu133
-0.064762402539211,-0.106793008635975,C17orf68,hgu133
-0.41807707372525,1.32084436557927,COL4A1,hgu133
-0.434926709907174,-0.882044214959206,GCH1,hgu133
-0.110422534333738,0.142227353900621,FAM177A1,hgu133
0.854587407217482,-0.164188259265607,GYG2,hgu133
0.445110503543274,-0.181523245843119,TRAF3IP2,hgu133
0.366268745946538,-0.152958699672056,ANKRD54,hgu133
-0.320273936751869,0.621155599932524,MET,hgu133
0.0239871366445602,0.0752204458707632,ATP6V0E1,hgu133
-0.464717281082987,0.903216485309803,NUAK1,hgu133
1.24664755732803,-0.356201602340269,LPXN,hgu133
0.00723883600465179,-0.218521686597777,AKR7A3,hgu133
0.174514655027554,0.169360924451078,COQ10B,hgu133
0.03575367797717,-0.383458946775599,LNX2,hgu133
-0.020969947297537,0.364268893062757,LAPTM4B,hgu133
-0.315688879706772,0.187919180338246,MPP5,hgu133
0.136248637615868,-0.341644147325377,FAM100B,hgu133
0.077717772187598,-0.231773743096792,TOMM22,hgu133
0.0038966459821744,0.183160316505187,SQSTM1,hgu133
-0.103291871987465,-0.183735931000836,MAD2L1,hgu133
-0.115571197030637,-0.120710557207345,RBM22,hgu133
1.44123892417146,-0.172155936146171,EDNRB,hgu133
-0.123980361051801,-0.208595851082144,PNN,hgu133
-0.427297461056557,0.604600465081663,LIF,hgu133
-0.181117270176406,0.0250164765706422,TCF7L2,hgu133
-0.0393143782896369,0.151768156280799,TMEM106B,hgu133
-0.269045163092459,-0.0825622083087407,NPEPPS,hgu133
0.278420597095744,0.0382855542215926,ZNF559,hgu133
1.05110095982111,0.463489224812389,NRP2,hgu133
-0.77979053174622,1.25599671053764,PDGFC,hgu133
-0.129291738413557,-0.190862273994299,ANKRA2,hgu133
-0.0372439413780454,-0.318475891809908,VRK2,hgu133
0.0870364122527979,0.133843359745122,SLC39A7,hgu133
0.0864858408497774,-0.307078256779762,NDUFS7,hgu133
-0.654197948697329,-0.118694931307521,LMO7,hgu133
0.0867988411354506,-0.262304171179975,NARF,hgu133
-0.0670512518579618,-0.144762220683125,RPS3AP5,hgu133
-0.063268644497834,-0.366307564437266,VRK1,hgu133
0.320808759314176,0.11803773847293,TTYH3,hgu133
-1.14137500072828,1.21437438468808,EGFR,hgu133
0.190423503348213,1.07512968303847,MOXD1,hgu133
0.00331173343701277,-0.216943551044473,COX5A,hgu133
-0.106285913871294,-1.52356926361651,GMFG,hgu133
-0.202289020798893,-0.246684160961713,PANK1,hgu133
-0.41406031776833,-0.345161725026171,RAB40C,hgu133
0.0518576139554524,-0.251120853453024,NUDT4,hgu133
-0.157587519185985,-0.71319766852934,VAV1,hgu133
-0.0530375950742603,-0.320117362398604,FBXO41,hgu133
3.06007448755654,-0.053745402691328,GPNMB,hgu133
-0.0792592152285972,0.100334222030723,PPARD,hgu133
0.0483707687134433,-0.0534135125088855,MYEOV2,hgu133
-0.49726253507405,0.582622815553581,ITGA3,hgu133
-0.151756538610234,-0.0544824658986096,HN1L,hgu133
0.102942758065767,0.18367245996844,AAK1,hgu133
-0.0484572500828729,-0.339946320916083,C8orf41,hgu133
0.346858419443237,-0.221588880209153,SRRD,hgu133
-0.00319262077679329,-0.168996570605582,TFRC,hgu133
-0.0883087351971443,-0.386525436444747,PCK2,hgu133
-0.548892479555444,0.354751511507222,DCDC2,hgu133
0.658625622631331,-0.362578382138439,MXI1,hgu133
1.12389695046576,0.131563520073534,TNFRSF19,hgu133
1.32940534599812,-0.479724924432274,GAS7,hgu133
-0.439891109335375,0.366156177921634,BEND7,hgu133
1.49454622297906,-0.0677453361716418,LYST,hgu133
0.0489446789218354,-0.160702322925629,USF2,hgu133
0.169676250541469,0.264467979027007,LOC645323,hgu133
0.563582156064803,0.420196780067706,MDFIC,hgu133
-0.143109691934704,0.395278634938398,GLRB,hgu133
0.112046449470633,-0.11528479227293,MAGEF1,hgu133
0.0371023426482603,-0.0525547602756116,RAB1A,hgu133p2
-0.118275841376827,-0.218278028838397,LOC441108,hgu133p2
0.544146536055888,0.0663615931748051,HSPA2,hgu133p2
0.728270834596392,-0.0965297102408575,SNCA,hgu133p2
-0.0641653467999038,-0.137344782219775,CSNK2A2,hgu133p2
-0.122138997199292,-0.0573236059432022,MXD4,hgu133p2
0.153835889433349,0.0392967462309441,MBTPS2,hgu133p2
-0.207151624619784,-0.631217854851581,GALNT12,hgu133p2
-0.0426922819919996,-0.0190473699557295,CBX1,hgu133p2
-0.405548692662826,1.6185196477596,DKK3,hgu133p2
0.210775194745751,0.208998083081879,ZNF529,hgu133p2
-0.129762373850808,-0.260571077870872,RNF166,hgu133p2
0.00925992225598878,-0.139121384578596,RPS5,hgu133p2
0.0158557227809586,-0.26684573256758,RGS19,hgu133p2
-0.46748436438915,0.467759426956128,SLC35F3,hgu133p2
-0.0866870941015694,0.397920397810081,TBC1D8B,hgu133p2
0.0235898234966937,-0.11918679985536,RBBP7,hgu133p2
0.384331667084157,0.173001009140815,UAP1L1,hgu133p2
-0.318507256586716,-0.289771976111226,PDE7A,hgu133p2
0.106380886256179,-0.178190914805908,DUT,hgu133p2
-0.190480528862561,-0.261392859890495,SPDEF,hgu133p2
-0.188496417680514,-0.265250937949505,ZFP62,hgu133p2
0.000719302519071875,-0.232663831395659,LOC100287171,hgu133p2
-0.0844737002130272,1.40486764669618,C1S,hgu133p2
0.0997818728743541,-0.179043499236994,UTP11L,hgu133p2
-0.181305560528954,-0.055333717576978,ABCC1,hgu133p2
-0.0484172727180771,-0.14539353785397,GPBP1,hgu133p2
0.134841939529634,-0.244216185718562,SPRED2,hgu133p2
0.986456775091072,0.0159028737588052,SLAMF7,hgu133p2
0.0510281825751927,-0.596574985813415,LYL1,hgu133p2
-0.129999212570478,-0.300565986889302,C11orf2,hgu133p2
0.441656747341802,-0.513944987361835,PELI2,hgu133p2
0.326924936418546,-0.767831432510363,LOC153346,hgu133p2
-0.0843517606073635,-0.158271662701259,PNPLA4,hgu133p2
0.112247713214071,-0.539775641456179,E2F2,hgu133p2
-0.307374242092776,0.199662986608174,SLC44A2,hgu133p2
0.0564691584052515,0.633658741861995,LAMB1,hgu133p2
-0.485742497308309,0.614329230598798,EPHA2,hgu133p2
-0.105690485328959,0.254763069937002,FBXL2,hgu133p2
-0.0726528390761879,-0.269923061810065,SLTM,hgu133p2
0.216228085881262,0.0161821096532545,ZNF134,hgu133p2
0.108160882624343,-0.302223141432253,ZNF498,hgu133p2
-0.0373011849212769,-0.134016523409508,BMI1,hgu133p2
-0.0299358364149485,0.00586512695031024,C14orf43,hgu133p2
0.0869615276725071,-0.7688118886708,SFMBT2,hgu133p2
-0.484289909304425,-0.275403655910805,HOXA11,hgu133p2
0.0528056250123567,0.159683988916051,ACTN1,hgu133p2
-0.646361383106765,-1.27959955924136,ANKRD22,hgu133p2
-0.92973421519597,-0.762274719333167,TMC5,hgu133p2
-0.00486700516790629,-0.199047479028528,FKSG49,hgu133p2
-0.00908024386290819,-0.150208673962936,EIF3E,hgu133p2
0.264832710893714,-0.00676805074657307,TMEM120A,hgu133p2
0.209520080460852,0.0479474210357407,ZNF362,hgu133p2
-0.596707745269064,0.998068122690304,CPE,hgu133p2
-0.223093161725276,0.0168732429388814,LGSN,hgu133p2
-0.319560769061378,0.328491892388059,BIN1,hgu133p2
0.88302096018862,-0.591153781639191,LOC650392,hgu133p2
0.118105931645352,-0.207931724648367,MESDC2,hgu133p2
0.352135787595218,-0.0830560735353529,RPL39L,hgu133p2
-0.138876387637922,-0.83936651371198,PRKCQ,hgu133p2
-0.261855684135812,0.174728138228277,TMEM54,hgu133p2
0.00553317705751466,0.161779499422907,RABL5,hgu133p2
-0.410075798411442,0.513461161577845,ERRFI1,hgu133p2
-0.00688466808328843,-1.41201874694831,RHOH,hgu133p2
0.00853616152296272,0.281961736706162,SC65,hgu133p2
-0.148004136388143,0.180717010028329,GPR137C,hgu133p2
0.312298240487359,0.412392877746562,SHISA4,hgu133p2
0.0424409603867499,-0.152202153017687,SMARCA4,hgu133p2
1.3457306483601,-0.20752013865379,ADCY1,hgu133p2
-0.351626604333714,0.415320448613474,DUSP1,hgu133p2
0.0699133451179426,-0.935098271465233,THEMIS,hgu133p2
-1.12270738123168,-0.841695560915479,TSPAN8,hgu133p2
0.125581025762001,-0.00965912237627287,C5orf54,hgu133p2
0.339514554390827,0.244450910097449,IRX3,hgu133p2
-0.313913195840727,-0.852194950000566,LOC654433,hgu133p2
0.382896100464365,0.988534460401059,LHFP,hgu133p2
-0.0473970107316517,-0.106487562023165,HDAC3,hgu133p2
-0.199666171742922,-0.206063932253095,LOC283357,hgu133p2
1.00365962615252,0.146026526870586,ZNF697,hgu133p2
-0.129796806359362,0.97806697661929,GPR176,hgu133p2
-0.165169799084231,0.410501910916689,TNFRSF12A,hgu133p2
-0.0979087198472279,-0.183026062675016,PHF10,hgu133p2
-0.154686418862551,-0.145642242806461,C12orf51,hgu133p2
-0.0466881111520948,-0.163662983603338,NFATC2IP,hgu133p2
0.626259584096869,0.087956616096285,SH2B3,hgu133p2
-0.0849050076045132,-0.069649232749332,MAPK9,hgu133p2
-0.154806986287364,0.238476059347724,ANKRD57,hgu133p2
-0.218751264765896,-0.296252268315965,METTL7B,hgu133p2
-0.389017154827178,0.692632506054713,FZD2,hgu133p2
0.057425826504738,-1.20693155827771,C1orf228,hgu133p2
-0.12627915605839,0.0812076379110491,TMEM9,hgu133p2
0.0461147681171907,-0.404526348267475,PLCB2,hgu133p2
0.267803539730103,0.0120599378267549,WDFY1,hgu133p2
-0.0537319032342755,0.158319498622552,PHLPP2,hgu133p2
-0.242390466143184,1.24064563250982,STAC,hgu133p2
-0.0479024166553938,0.159616153935435,YPEL5,hgu133p2
-0.050857068061278,0.365406473768528,CAPN2,hgu133p2
0.672604151999728,-0.472785014109515,PLEKHH1,hgu133p2
0.243159382261869,-0.280927636833925,RAB3A,hgu133p2
-0.0877046569121156,-0.00112943706218579,RNF103,hgu133p2
0.323417940864495,-0.362642973342693,LOC100289612,hgu133p2
-0.736036518209035,-0.315492401523106,ACOT4,hgu133p2
-0.0257961702670029,-0.285942078055923,VPS26B,hgu133p2
-0.101146308918147,-0.202113271682467,C1orf77,hgu133p2
-0.379896849519876,-0.180327987617121,RASSF7,hgu133p2
-0.232562804330327,-0.483999007531553,ACOT11,hgu133p2
0.129714158456131,0.136161438171142,GPSM1,hgu133p2
-0.111930619410297,-0.188981327435051,TNK1,hgu133p2
-0.114433953269196,0.754037000362701,CHST3,hgu133p2
-0.342614862784528,-0.296390393240942,DTX4,hgu133p2
0.119992752824919,-0.164043696806162,SND1,hgu133p2
-0.00801972376546174,-0.136356611832958,SSTR5,hgu133p2
0.0384210638354881,1.06383083302421,TGFB1I1,hgu133p2
-0.239238012766051,0.404446867176415,WDR69,hgu133p2
-0.282356188535315,0.763407526125695,AHNAK2,hgu133p2
-0.0430562613767415,-0.0302061281766473,TNRC6A,hgu133p2
-0.19952449155714,0.12907693522056,SRC,hgu133p2
-0.0113231825853441,-0.127123421212699,LOC100291776,hgu133p2
-0.0714699117368736,1.34592629113352,ODZ2,hgu133p2
-0.00193591758192315,-0.237627336399151,REPIN1,hgu133p2
0.434050097797134,0.142172265916221,KANK1,hgu133p2
-0.583944982060184,0.448900427829846,GATA6,hgu133p2
0.0722688134320927,-0.932005572262978,PIK3CG,hgu133p2
-0.418770079967503,-0.672465264719698,PRAP1,hgu133p2
-0.57560533063367,-0.438018829999242,LOC283278,hgu133p2
-0.00943794926641752,-0.0098112253287446,FBXW11,hgu133p2
-0.0874299534406373,-0.248949847021946,AGAP11,hgu133p2
0.130589539111071,0.153323841486339,LUZP1,hgu133p2
0.96010159891447,0.549637901971182,GPRC5B,hgu133p2
0.333529563390765,-0.267257538987577,LOC100128737,hgu133p2
0.151698962008218,-0.184989563090008,SLC39A3,hgu133p2
-0.450400557927985,-0.0468940950711999,PITX1,hgu133p2
0.233554926318894,-0.201167945022138,ZNF275,hgu133p2
0.494235977138836,0.112896450331816,LOC653562,hgu133p2
0.117564781202262,0.274928620702381,EVI5,hgu133p2
-0.177292110489336,-0.0575346422170835,SRD5A1,hgu133p2
-0.028334002717921,-0.301971436022385,OSGEP,hgu133p2
0.146536735940725,-0.202892549905557,WDR12,hgu133p2
-0.0298603278100267,-0.49581586950321,EML6,hgu133p2
-0.0550759821428346,0.0215007744699281,ZDHHC7,hgu133p2
0.0113795400712042,0.197035581389699,SNORD114,hgu133p2
0.230325071806749,-0.134415677453918,ENTPD6,hgu133p2
-0.221962285596535,0.255121971321622,CCDC92,hgu133p2
-0.164266636378596,0.121381208432311,FADS2,hgu133p2
-0.240562432955626,0.170090367728173,C8orf42,hgu133p2
0.0896539014361822,0.130371126297615,WDR47,hgu133p2
1.56290541097181,-0.00853601642314967,POU3F2,hgu133p2
0.180122725481777,1.67687497545708,COL1A2,hgu133p2
0.309353500468676,-0.234103637516756,MTCP1,hgu133p2
-0.427778276469856,0.345844150131643,KLF4,hgu133p2
-0.781623898604624,0.415242607056738,SOX9,hgu133p2
0.364891371425627,0.0379572118664026,TFPT,hgu133p2
0.0217964221454525,-0.337072070117557,GVIN1,hgu133p2
-0.0948626076564938,-0.0487374878235195,SCARA5,hgu133p2
0.691370213259708,-0.0722674825521108,RGS12,hgu133p2
-0.140002597762685,-0.0377907789798479,CBARA1,hgu133p2
0.031465999463664,-0.305870648468411,DOK2,hgu133p2
0.706809262930595,0.525953717059005,STK32B,hgu133p2
-0.0731326222261519,-0.135750839291381,NRF1,hgu133p2
0.282906982323253,-0.0602796140179341,AGPAT6,hgu133p2
0.10765948323169,0.290296519562115,ASAP1,hgu133p2
-0.0230003736667775,-0.369313538727978,LOC283922,hgu133p2
0.111221337478624,-0.152799642454307,NHP2L1,hgu133p2
0.00620946180968266,-0.541838627468427,RASAL3,hgu133p2
-0.00523345529649274,-0.211572498144897,EDEM3,hgu133p2
-0.029768398239539,-0.444959284516655,ZNF782,hgu133p2
0.050557121417484,-0.322560612082507,ZNF671,hgu133p2
0.0791151803162338,0.52335606408781,COL27A1,hgu133p2
-0.074124249926667,-0.229088552439684,FNBP4,hgu133p2
0.113303913395911,0.226547910530532,NOTCH2,hgu133p2
-0.392276472833939,-0.534686735089676,TMEM52,hgu133p2
0.174302584296073,0.630180437484184,HOXB2,hgu133p2
1.1406319800217,-0.0593244688745452,QPCT,hgu133p2
0.237958094699637,1.17510613665366,SDC2,hgu133p2
0.326908892326653,-0.170518032799124,ANKRD39,hgu133p2
-0.920561579688611,0.330216822720859,GPX3,hgu133p2
-0.235406204308888,0.334202501960542,CITED2,hgu133p2
-0.0753162517298791,-0.0931597263331351,EIF2AK1,hgu133p2
0.0706656022483813,-0.0647636476586088,MYEOV2,hgu133p2
-0.544144528168335,0.73959275649,PDE10A,hgu133p2
-0.0212127702292382,0.219989384651883,FRS2,hgu133p2
0.131354250283602,0.0252209984228102,MFSD2,hgu133p2
-0.129181302374407,-0.580670799886786,ADRBK1,hgu133p2
0.0989611187714265,-0.489235261159222,SNHG4,hgu133p2
-0.787161095764816,-0.828003504349073,TMPRSS4,hgu133p2
0.67204681232514,0.517709722538142,RAGE,hgu133p2
-0.498124385475366,-1.00856600386685,GALNT6,hgu133p2
-0.311212688595679,1.31162308196018,KCNMA1,hgu133p2
-0.544832297037585,-0.234817621803942,SPNS2,hgu133p2
-0.150004262300917,0.533157849200024,PALLD,hgu133p2
-0.126962503443088,-0.0749274041555879,NPEPPS,hgu133p2
0.289957697637192,-0.19169140840029,AARS2,hgu133p2
0.133051329510804,-0.288103550303901,ING3,hgu133p2
-0.00800366143832791,-0.234781534752919,ANAPC4,hgu133p2
-0.0985434142573306,-1.01816419940377,KCNH2,hgu133p2
0.0416914130650196,-0.641894586438069,CD4,hgu133p2
-0.610693740554066,-0.869076154956282,TBC1D30,hgu133p2
0.287271013327459,0.179258404760245,SWAP70,hgu133p2
-0.0454657397411609,-0.0806548371525718,PAX9,hgu133p2
-0.55322066500365,0.258786396761825,DNM1,hgu133p2
-0.76122500552907,0.00734901274303019,BTC,hgu133p2
0.0249713250910131,-0.242479177549518,CCDC88B,hgu133p2
-1.05006054219684,-0.309524621628121,DSP,hgu133p2
-0.172720797233336,-0.086729362330079,INF2,hgu133p2
0.421788277694829,-0.381255832541346,LOC100134361,hgu133p2
0.0135048034570271,-0.2125836028008,RSL1D1,hgu133p2
-0.973597534188365,-0.00150624394772422,PRTFDC1,hgu133p2
0.100616799237872,-0.292876870569836,PTCD3,hgu133p2
-0.650197509879933,0.919259935671036,RAB3B,hgu133p2
2.54354112911307,-0.279222517631059,C6orf218,hgu133p2
0.058267830761185,-0.0518792041192588,FAM134A,hgu133p2
0.0749012184692673,-0.239268232361578,IMP3,hgu133p2
1.40244650774175,0.849314232403179,LAMA4,hgu133p2
-0.183676712415923,0.341586057039568,AGRN,hgu133p2
-0.0503066726763928,-0.118397551100447,NAPSA,hgu133p2
-0.502578233619232,-0.789545128947855,DGKE,hgu133p2
-0.0225920287382956,-0.209916976771124,EPC2,hgu133p2
-0.0983923204787713,0.556262788533477,HECTD2,hgu133p2
0.115936489656392,-0.114598376668657,FAM108A1,hgu133p2
-0.808021065107275,0.947815015643872,EGFR,hgu133p2
-0.819082529783566,-0.9184830082627,PRSS3,hgu133p2
1.63721915925331,0.17976511362723,CSPG4,hgu133p2
0.458562222541135,-0.180345324911818,KREMEN1,hgu133p2
-0.00247700467737787,-0.075342748096603,C3orf10,hgu133p2
0.245088593089444,-0.602771968595782,CHCHD10,hgu133p2
0.500208622639022,-0.543217115427982,PPFIBP2,hgu133p2
-1.02074575951982,0.271965685635155,LAMA3,hgu133p2
0.0131716115862582,-0.151466655389348,TRGV5,hgu133p2
-0.157683695952105,0.131077166505761,ADCY6,hgu133p2
0.0261604498736934,-0.282953416865021,LIN54,hgu133p2
0.00618033350178076,-0.233818267684089,WASH3P,hgu133p2
0.0767479458987523,-0.310992672925443,C19orf25,hgu133p2
-0.0398841493399673,-0.404543779436072,C14orf93,hgu133p2
-0.603803088215845,0.0505602092878774,SUSD1,hgu133p2
0.311077330266038,0.186568367283385,TMEM17,hgu133p2
0.371621548821238,-1.3633837891301,KLHL6,hgu133p2
-0.1327767706877,-0.0890097798907214,KIFC2,hgu133p2
-0.0624369011335909,-0.134872573799251,KLB,hgu133p2
-0.331222673266839,-0.40539695304629,F11R,hgu133p2
0.288509466133736,-0.00396436123740659,CC2D1B,hgu133p2
-0.475535302930837,-0.303381729268131,LNX1,hgu133p2
-0.0235169808902758,-0.279724016603307,SHPRH,hgu133p2
-0.0547848123151257,0.0905901034828572,EFR3A,hgu133p2
-0.45060552053776,0.048292160359803,GPRC5C,hgu133p2
1.06521535719356,1.35250275766519,SPARC,hgu133p2
-0.00691550864399096,-0.406570889835327,CENPC1,hgu133p2
0.0195203568414261,-0.158452292572583,TMEM87B,hgu133p2
-0.109741130544037,0.281620569894745,PVR,hgu133p2
0.0686299997069095,-0.892295602255659,TRAT1,hgu133p2
-0.0975811679913632,-1.24660991725005,C16orf54,hgu133p2
-0.0316580824446533,-0.268276265302002,PDCD4,hgu133p2
-0.254334509523682,0.292201746567151,HOXA5,hgu133p2
-0.0304936629005728,-0.290534893507373,ATF6B,hgu133p2
-0.0217929687725185,-0.179499294126366,SF4,hgu133p2
0.738108057761776,0.0684658366755894,EVI2A,hgu133p2
-0.267775837755266,-0.724315428352793,RNF43,hgu133p2
0.0357248629023344,0.401012277224689,SGCB,hgu133p2
0.124722182639255,0.658601958187507,SMARCA1,hgu133p2
1.50406368307939,-0.173744590893988,GAPDHS,hgu133p2
-0.268676121899988,-0.141127600992796,CASP6,hgu133p2
0.0229437102039049,0.196470425091026,RGMB,hgu133p2
0.243742615515459,-0.354175260447728,NCAPH,hgu133p2
-0.783627706755648,-0.255263174691722,TSPAN1,hgu133p2
0.886367508125262,0.584784270837703,AFAP1L1,hgu133p2
0.143510862920797,-0.0231650316900835,ELMO2,hgu133p2
-0.288290943274139,0.215618405820647,C6orf155,hgu133p2
-0.171859539780111,0.0822114227097546,KHDC1,hgu133p2
-0.279428628665159,-0.37116650348318,N4BP2L1,hgu133p2
0.282677243553076,-0.254828614451716,USE1,hgu95
-1.04371978126091,-0.911075867730724,ARHGAP8,hgu95
-0.843596338790533,-0.518066395407054,ASS1,hgu95
0.126945389599851,0.260014569103954,TSPAN4,hgu95
-0.186677735509235,0.403520541190634,ITSN1,hgu95
1.57727411535368,-0.295331745831907,CITED1,hgu95
0.0224097259667481,-0.750375972499653,ARHGAP15,hgu95
1.0326583383994,-0.1289564534496,FAM167B,hgu95
-0.180782071166545,-0.00186221944396621,TPD52L2,hgu95
-0.286722739787575,0.281735252735584,TMEM9,hgu95
-0.141881380627806,0.153419974991966,ATL3,hgu95
-0.135688071757562,0.0587510100260901,TMSB10,hgu95
-0.011767746541188,-0.420406905446591,ELF1,hgu95
-0.0233580265069194,-0.225015150849519,CCDC51,hgu95
0.113163085310395,0.411323668510244,FAM176A,hgu95
0.775737939808124,-0.190437189435034,SLC22A18AS,hgu95
-0.162282774953211,-0.260950045984789,RPP38,hgu95
-0.696010172274039,-0.285456233826054,PLEK2,hgu95
-0.0586792880028622,-0.226071199294921,NASP,hgu95
-0.429811177068704,0.84046193538066,NUAK1,hgu95
-0.179716971156863,0.217523853012855,MAP1LC3A,hgu95
-0.147440478094409,0.242424756482216,BCAR1,hgu95
0.121236078875994,0.0588055533238789,NENF,hgu95
-0.0961253487555213,-0.343408629439977,RBM26,hgu95
-0.125132859694701,-0.194653493338184,MAD2L1,hgu95
0.216254489240307,0.59642097426812,SH3BP4,hgu95
0.180534656953809,0.0216345647385714,FAM134A,hgu95
0.133247828532765,0.124360106114254,COQ10B,hgu95
0.134949459187669,-0.2745991041472,ULK3,hgu95
-0.11553767207114,-0.299757977540428,TADA1,hgu95
-0.203566366606505,0.521899008387301,OPTN,hgu95
-0.161490604639362,0.0953738784217081,POLD4,hgu95
0.184427459516653,0.290932455458849,TCEAL4,hgu95
-0.21811160815555,-0.212483112265825,MRFAP1L1,hgu95
-0.100475646760411,0.346920501788494,PTPN21,hgu95
-0.356020638959918,0.222331338356639,PARD3,hgu95
-0.348731481140745,-0.416753635701787,KIAA1543,hgu95
1.88989332894599,-0.546403618803504,TRPV2,hgu95
0.429606968386161,-0.0209045684350383,FMN2,hgu95
-0.189075771709025,-0.39699980004139,TOR2A,hgu95
-0.402775771378856,0.448170270696287,C12orf75,hgu95
-0.261694500944377,-0.314683169145757,SP6,hgu95
-0.0869777827489765,0.46129406464451,MT1F,hgu95
-0.138396044320152,-0.0530852682359555,MBIP,hgu95
-0.164725037402896,-0.405283057508462,PIK3C2B,hgu95
-0.352992735461518,0.134751893526557,CDC42EP4,hgu95
-0.350140677953622,-0.314890062499014,SLC37A1,hgu95
-0.184903119053698,-0.177478669048379,YTHDC1,hgu95
-0.910444454189628,-0.186280271811212,KRT8,hgu95
0.353052191406311,-0.187702494444582,RNF128,hgu95
0.943131322042633,0.117377208682143,TBC1D16,hgu95
-0.604979544380699,-0.1220740310365,MEST,hgu95
-0.712354909839374,-0.334960007273977,ETS2,hgu95
1.51323043654745,0.0739725993878574,MAGEA12,hgu95
0.0108615157779681,-0.836631163197502,AIF1,hgu95
-0.774631638736949,-0.0535103604322578,OCIAD2,hgu95
0.202074193540883,-0.171800372474757,KLF15,hgu95
0.257794517968689,-0.126612214937019,SLC11A2,hgu95
-0.343580819817183,-0.471677243692295,STXBP2,hgu95
-0.149414418381283,0.158824915355444,CRAT,hgu95
-0.290818476358272,0.21522763950909,PHF17,hgu95
-0.0442851166528255,-1.09840391824277,MFNG,hgu95
0.333227949346593,-0.117894759364077,EDNRB,hgu95
-0.0769273275917559,-0.470685696897855,LOC439949,hgu95
-0.280727780671876,-0.205168512700617,CENPV,hgu95
-0.172799979305841,0.0428047540313073,RSPRY1,hgu95
-0.405028458842415,1.1771692069803,COL4A2,hgu95
0.32025217068976,-0.805881435344627,CHCHD10,hgu95
0.0843400725538172,-0.39491941794392,ITGA4,hgu95
-0.576734494517555,-0.306766234682398,SYNGR2,hgu95
-0.0738283817650863,-0.300013787963764,PRKCZ,hgu95
-0.0598941492490464,0.251834273611604,NLGN2,hgu95
0.242341249760073,0.807103785508079,ANTXR1,hgu95
-0.0190997381393282,-0.193165538137788,RSBN1L,hgu95
-0.0744474509304929,0.147209877800573,FBXW11,hgu95
-0.567634534223186,0.387439673208018,S100A16,hgu95
-0.150871560409263,-0.207141379291366,H2AFY,hgu95
-0.138559452907782,-0.35714373422869,C1orf131,hgu95
-0.0996785143514319,-0.183212113063714,HNRNPD,hgu95
-0.241217634169752,0.337223682311461,CCDC99,hgu95
0.0190830857066457,0.151886443580572,YIPF5,hgu95
2.59529265990342,-0.289474187166017,ACP5,hgu95
0.193126628682395,0.807834263796606,COPZ2,hgu95
-0.0683923355828357,-0.153117650597336,DUSP16,hgu95
0.22730087781114,0.488259904740766,CD276,hgu95
-0.916954921506311,0.576636597386491,HNF1B,hgu95
-0.126367640207831,0.651493646636229,PTPN14,hgu95
2.82930462869524,-0.104641782899264,PLP1,hgu95
0.301815627205351,-0.866807879149602,SH3BP1,hgu95
-0.239855309997773,0.270526621850029,MYH9,hgu95
0.0134247101604137,0.0360009830178928,SYNJ2BP,hgu95
1.64512234380749,0.219364509216563,FABP7,hgu95
-0.141507610707384,1.36280830038617,LOX,hgu95
-0.291923790275546,0.608976218283925,TNFRSF12A,hgu95
-0.248888506145495,-0.0388228213449433,MFSD10,hgu95
-0.656648440603427,0.516418955897308,EPHB2,hgu95
0.586333588160267,-0.00633360804428772,SASH1,hgu95
-1.15877681136208,0.289610959425577,IGFBP4,hgu95
0.914241700655001,-0.179892560958483,TTYH2,hgu95
-0.0429763241296926,0.135311505321756,PTPN13,hgu95
-0.264632680678686,-0.205883337315193,GPT2,hgu95
-0.167656683156203,-0.496722102873041,RPS6KA1,hgu95
0.095036174366974,-1.06135106656345,LAPTM5,hgu95
0.260858121739081,0.357877423293858,NAV1,hgu95
-0.0698714671730392,-0.0805412991666556,SFTA3,hgu95
0.117855023414262,-0.25525630346736,NDUFA5,hgu95
0.466892822172663,0.243926265471915,SNRPN,hgu95
0.303144359657644,0.0361542788676426,AGPAT6,hgu95
-0.413513990785185,-0.579095446804577,BSPRY,hgu95
-0.0680350856515089,-0.371969249570604,MYD88,hgu95
1.34971984035444,-0.138482408015226,MAGEA1,hgu95
-0.435714433768992,-0.660148497090712,SP5,hgu95
0.160231082649346,0.0317596741084228,ZNF703,hgu95
-0.147456222456841,0.34668139086583,ALS2,hgu95
-0.0247182200205887,0.100670221934068,RALB,hgu95
0.272727475975261,0.399033987278331,GAS2L3,hgu95
-0.126749179917712,-0.203060753539616,TFDP1,hgu95
-0.232671933937123,0.431740870331427,SNAPC1,hgu95
0.260756321923701,-0.762696036724995,GPSM3,hgu95
0.168245902958934,-0.548449432452192,LCP2,hgu95
0.064207373298012,0.737847736043339,SGCE,hgu95
0.394141960496552,-0.132687296880819,TP53TG3,hgu95
0.0389498977305051,0.350456022871015,LAMB2,hgu95
-0.014210428825982,-0.102484932292211,CATSPER4,hgu95
-0.29689664199335,0.247331486500522,PTGR1,hgu95
-0.351442915823276,0.200315692882352,KITLG,hgu95
-0.0211589132687297,0.207402330740158,CRK,hgu95
0.00797862712785156,0.301134147764092,NR3C1,hgu95
0.253360931682693,-0.989268256142163,ITM2A,hgu95
-0.0501803922875348,-0.369751578715852,ATAD2B,hgu95
-0.776632435595231,-0.0261457219964376,LAMA3,hgu95
0.386667061519823,-0.217934175948472,SPRY2,hgu95
-0.135431031654807,-0.595951802792707,RPIA,hgu95
-0.0624522301706739,-0.172718643881709,HNRNPM,hgu95
0.0974236731948175,-0.804813672689638,LSP1,hgu95
0.198488197064522,-0.0937266436484348,UPRT,hgu95
-0.218620093569262,0.0945766946822734,ITM2B,hgu95
-0.0628483439635963,-0.236074732455373,SURF2,hgu95
-0.309986181517409,0.384328062855596,MAP3K14,hgu95
-0.060204039495008,-0.184259295511975,HNRNPA1L2,hgu95
-0.171838654974936,-0.290543325532921,EXOSC8,hgu95
0.192065970119718,-0.387313676596325,OXNAD1,hgu95
-0.0934355716486107,-0.615433826130014,SLC25A19,hgu95
0.00310695815215513,0.0661055754591199,NFATC4,hgu95
0.126423683131471,0.324918639960848,NPC1,hgu95
0.408321428413736,-1.02336494484052,LCP1,hgu95
0.821942880238181,-0.0697730508127982,TRIM2,hgu95
-0.638582152704761,0.565418871583557,MICAL2,hgu95
0.175830018968899,-0.256242432756939,TERF2IP,hgu95
-0.283439087094115,0.291904131708572,SYNJ2,hgu95
-0.157097886622906,0.648591681453091,BACE1,hgu95
0.669750300582994,-0.0200451110046478,ATP8B2,hgu95
0.0150387449572526,-0.341807386455988,LRPPRC,hgu95
-0.306318784804483,-0.256165215742003,TCF3,hgu95
0.126021444786238,0.0044841969162031,RAB5C,hgu95
0.0785378600634668,-0.277618546223155,TRIM27,hgu95
-0.169571968321484,-0.464364282273424,C10orf95,hgu95
0.232624413685091,-0.335429125429839,MRPL44,hgu95
-0.366079892811071,1.49510282250229,EDIL3,hgu95
-1.12985188677621,-0.645561584777057,FERMT1,hgu95
-0.511089451240126,0.061004741770933,RHPN2,hgu95
0.609270715154781,-0.193083675422385,PLEKHH1,hgu95
0.222872211082834,-0.101961290135415,PEPD,hgu95
-0.378708335575009,0.130406469595241,TNKS1BP1,hgu95
-0.692514658403388,-0.595324296379818,F11R,hgu95
2.29096334106166,-0.2972476783663,S100A1,hgu95
-0.0474672663002935,-0.0426551736088746,TUBA1B,hgu95
0.162911487601133,0.388509954150559,PPFIBP1,hgu95
0.173618368530781,-0.146659692566642,HSPBAP1,hgu95
-0.0163928573516956,0.102801225567449,PSMD2,hgu95
-0.0695192814304153,-0.155670484177556,HNRNPA1,hgu95
-0.0126631870696896,-0.345797234553275,TAPT1,hgu95
1.69367662122414,0.227295591306308,MAGEA3,hgu95
-0.091372198096911,0.17891064836841,PLCB4,hgu95
0.492718852365192,0.0448544431645107,BTN3A2,hgu95
0.454697913107749,-0.143981095585995,ZFP106,hgu95
-0.185701577656696,-0.247591891740527,HMGB2,hgu95
1.49569304067019,-0.025623101970124,MAGEA2B,hgu95
-0.705155876418297,-0.166957643143519,HOXA9,hgu95
-0.0231189436798121,-0.451212280621368,CABC1,hgu95
-0.28618398065787,0.581306764040678,NCEH1,hgu95
0.39105593863229,-0.468576472585027,LIMD2,hgu95
0.00181498069950339,-0.181528453706447,NDUFB1,hgu95
0.468897099766202,-0.348373416099374,SGK3,hgu95
-0.202556717803323,0.594440763876022,CD151,hgu95
-0.0181491740339409,-0.203406799823278,DCP2,hgu95
0.00946374272149103,-0.339423273639179,RP11,hgu95
-0.385473027302933,-0.108149044848358,PRAGMIN,hgu95
0.488748687697598,0.845608297813701,TMEM45A,hgu95
0.817836421019466,0.0412633417391648,MICAL1,hgu95
1.15645809147941,0.620794980132438,TNC,hgu95
-0.50526187076195,-0.749640568388376,CLRN3,hgu95
-0.0497681850854868,-0.319180388485686,GTF3A,hgu95
0.203676823684279,-0.204100910245076,SPRYD4,hgu95
-0.0715466505077333,-0.14831859175421,H3F3A,hgu95
-0.468475897678335,0.373727216636196,TBL1X,hgu95
0.0613186350958365,-0.30025443588827,C14orf169,hgu95
0.264037369099503,0.39403666444259,PLOD1,hgu95
0.0662296734323198,0.191318058151383,UHMK1,hgu95
0.183341447116607,-0.017431998292234,SSH1,hgu95
0.022060105899429,-0.273530422816746,N4BP2L1,hgu95
0.190993261813061,0.440121426135985,NFIX,hgu95
0.337353609319484,-0.0485042718606126,GBA,hgu95
-0.14392682939851,-0.142689901516208,SMC5,hgu95
-0.158531082766018,-0.270643422805101,TRMT11,hgu95
-0.237097247765152,0.805176537012452,PXDN,hgu95
-0.0232009074338679,-0.14999166071854,RPL3,hgu95
-0.0035943735087016,0.243936455776711,LMNA,hgu95
0.00925854476935541,0.0992461529052995,TGOLN2,hgu95
-0.897215591408556,0.320313292965354,WWC1,hgu95
-0.0539467938706175,-0.238541939651996,PDIK1L,hgu95
-0.0222187750173964,-0.411263763480337,MND1,hgu95
-0.197662700287333,0.138942306370056,PGRMC2,hgu95
-0.0761535807028216,0.599342590616006,VLDLR,hgu95
0.0349665991628885,0.325234529805277,FKBP9,hgu95
-0.936060841788514,-0.958604366209243,PRSS3,hgu95
-0.112274292014085,-0.213408759070414,PYGO2,hgu95
-0.106353242994938,-0.441139429093644,CTRL,hgu95
0.00218749831003291,-0.405912050151888,CCDC69,hgu95
-0.172526663077214,0.369260884201216,GNA12,hgu95
0.163253973903463,-0.643803257290888,BLM,hgu95
-0.0884247982061669,-0.394180127652453,MRPS31,hgu95
-0.18526170661567,0.11817443162303,CTNND1,hgu95
-0.0178783808384669,0.0469313168026826,SEC24D,hgu95
-0.184524220350142,-0.269269699213472,DTX4,hgu95
-0.141810063792394,0.101368614186837,ZDHHC7,hgu95
2.61788188496716,-0.16588142195455,SOX10,hgu95
-0.306807497646855,-0.419648542197738,AXIN2,hgu95
-0.0635633487452861,-0.178065875977278,SFRS2,hgu95
0.0653466515158,0.0776666332292363,TMEM51,hgu95
0.232160445283342,0.353437105163589,PRNP,hgu95
-0.128660366190429,-0.151844421054046,AFF1,hgu95
0.37533183697224,0.673655571047839,SHISA4,hgu95
0.22334740903507,-0.0129661879958382,LOC221710,hgu95
-0.0794078257527508,-0.0745365784081415,HMOX2,hgu95
0.285101196108569,-0.186673455130979,LOC401397,hgu95
0.589004525150679,1.10983706961948,IGFBP7,hgu95
-0.277690403595614,-0.0678537273519486,PITPNM1,hgu95
0.0697093902889371,0.278490897811807,DAG1,hgu95
0.727240857328786,-0.335359232552686,MREG,hgu95
0.17455737843112,0.109192466861926,PTAR1,hgu95
-0.195923004330716,0.572392518546667,FOXG1,hgu95
-0.170922709437543,-0.249713487324552,UPF1,hgu95
-0.308142519981777,0.105667007716849,SEPT8,hgu95
0.173176305176864,0.523071086384736,CDC42EP3,hgu95
0.0183009067002194,0.895511815882654,IGFBP5,hgu95
-0.345936530003246,0.0831092643321444,SOX17,hgu95
-1.14775763875623,-1.22630966078711,S100A14,hgu95
0.831223792582518,-0.163491726703138,ST3GAL5,hgu95
0.0225583043299187,-0.410855142007345,MIPEP,hgu95
-0.965752252593659,-0.327302701370282,MAL2,hgu95
0.05848283584121,0.020897790659587,FITM2,hgu95
-0.0522005005587749,-0.211119591033774,C10orf18,hgu95
-0.00966099219625259,0.296813266945699,NCKAP1,hgu95
-0.0265357251993765,-0.174350113153843,RNPS1,hgu95
-0.0245092880593885,0.551161534703403,EPDR1,hgu95
-0.212416862923092,-0.231376924760161,ZNF581,hgu95
0.0652589617694131,-0.301677713297825,IMP3,hgu95
-0.0525250975796633,0.159234956745388,PRKAB2,hgu95
-0.107460223345008,-0.211727940259997,ARHGEF16,hgu95
-0.104368378947106,-0.290753695271565,NOLC1,hgu95
0.21283218382243,0.366459104296728,LYPD1,hgu95
0.319817793162076,0.20093979951615,TANC1,hgu95
0.0299276310301212,0.331615131204764,CORO1C,hgu95
-0.0961566334606584,-0.241017622325479,CCNF,hgu95
0.589583420912434,0.45071262477515,ROBO1,hgu95
0.0596109837597404,0.562102940320304,PTMS,hgu95
-0.0140137269277027,0.139566154069937,ELL2,hgu95
0.0278509808136634,-0.261502035683135,RSL24D1,hgu95
-0.0577448402449023,-0.329768363872299,SLC12A2,hgu95
-0.225914695164971,-0.306513348960283,MCM2,hgu95
0.305789883268321,-0.17713666190252,MAD2L1BP,hgu95
-0.354672120309374,0.401584855847689,CCDC92,hgu95
0.386309751644619,0.128620117667772,SNX8,hgu95
0.798469076993399,-0.132328280446146,C18orf19,hgu95
0.0690472499261894,0.23784019126416,SQSTM1,hgu95
0.739129111026647,-0.0187363126944185,SLC23A2,hgu95
-0.278806586209716,-0.290878227610143,ENTPD2,hgu95
0.388547333284361,-0.428682692301187,JARID2,hgu95
-0.141518275244595,-0.0410797660395061,LOC642934,hgu95
-0.00593870573204125,0.258719315675432,PROCR,hgu95
-0.347034847325966,0.309502216126377,ARRDC3,hgu95
-0.406797402953596,-0.116520850534935,RFFL,hgu95
-0.751375875888815,0.349881951230963,PAWR,hgu95
0.258325541139662,-0.0329322441813178,SLC35B2,hgu95
0.014398148438109,0.162448390216922,CAMSAP1L1,hgu95
-0.0896259472881496,-0.166749851534901,ILF3,hgu95
0.11532766670193,-0.0791372047694487,ZNF512B,hgu95
